{
    "rmse": 0.7076449834721533,
    "mae": 0.5650758086533435,
    "r2": 0.18012128421545737
}